Workbook

Sheet Demand Projection
A1: No | B1: Produk | C1: Tanggal Order | D1: Jumlah | E1: Demand 6 Hari | F1: Validasi Data
A2: 1 | B2: SKU PROD A | C2: 46025 | D2: 1000 | E2: =SUMIFS($D$2:$D$169,$B$2:$B$169,B2,$C$2:$C$169,">="&C2,$C$2:$C$169,"<="&C2+5) -> 2400 | F2: =IF(C2<=DATE(2026,12,26),E2,"") -> 2400
A3: 2 | B3: SKU PROD B | C3: 46025 | D3: 6000 | E3: =SUMIFS($D$2:$D$169,$B$2:$B$169,B3,$C$2:$C$169,">="&C3,$C$2:$C$169,"<="&C3+5) -> 6000 | F3: =IF(C3<=DATE(2026,12,26),E3,"") -> 6000
A4: 3 | B4: SKU PROD A | C4: 46026 | D4: 400 | E4: =SUMIFS($D$2:$D$169,$B$2:$B$169,B4,$C$2:$C$169,">="&C4,$C$2:$C$169,"<="&C4+5) -> 1400 | F4: =IF(C4<=DATE(2026,12,26),E4,"") -> 1400
A5: 4 | B5: SKU PROD C | C5: 46027 | D5: 900 | E5: =SUMIFS($D$2:$D$169,$B$2:$B$169,B5,$C$2:$C$169,">="&C5,$C$2:$C$169,"<="&C5+5) -> 1400 | F5: =IF(C5<=DATE(2026,12,26),E5,"") -> 1400
A6: 5 | B6: SKU PROD D | C6: 46028 | D6: 600 | E6: =SUMIFS($D$2:$D$169,$B$2:$B$169,B6,$C$2:$C$169,">="&C6,$C$2:$C$169,"<="&C6+5) -> 600 | F6: =IF(C6<=DATE(2026,12,26),E6,"") -> 600
A7: 6 | B7: SKU PROD A | C7: 46029 | D7: 1000 | E7: =SUMIFS($D$2:$D$169,$B$2:$B$169,B7,$C$2:$C$169,">="&C7,$C$2:$C$169,"<="&C7+5) -> 1000 | F7: =IF(C7<=DATE(2026,12,26),E7,"") -> 1000
A8: 7 | B8: SKU PROD C | C8: 46031 | D8: 500 | E8: =SUMIFS($D$2:$D$169,$B$2:$B$169,B8,$C$2:$C$169,">="&C8,$C$2:$C$169,"<="&C8+5) -> 500 | F8: =IF(C8<=DATE(2026,12,26),E8,"") -> 500
A9: 8 | B9: SKU PROD E | C9: 46034 | D9: 400 | E9: =SUMIFS($D$2:$D$169,$B$2:$B$169,B9,$C$2:$C$169,">="&C9,$C$2:$C$169,"<="&C9+5) -> 400 | F9: =IF(C9<=DATE(2026,12,26),E9,"") -> 400
A10: 9 | B10: SKU PROD B | C10: 46035 | D10: 600 | E10: =SUMIFS($D$2:$D$169,$B$2:$B$169,B10,$C$2:$C$169,">="&C10,$C$2:$C$169,"<="&C10+5) -> 600 | F10: =IF(C10<=DATE(2026,12,26),E10,"") -> 600
A11: 10 | B11: SKU PROD D | C11: 46039 | D11: 900 | E11: =SUMIFS($D$2:$D$169,$B$2:$B$169,B11,$C$2:$C$169,">="&C11,$C$2:$C$169,"<="&C11+5) -> 900 | F11: =IF(C11<=DATE(2026,12,26),E11,"") -> 900
A12: 11 | B12: SKU PROD C | C12: 46042 | D12: 800 | E12: =SUMIFS($D$2:$D$169,$B$2:$B$169,B12,$C$2:$C$169,">="&C12,$C$2:$C$169,"<="&C12+5) -> 800 | F12: =IF(C12<=DATE(2026,12,26),E12,"") -> 800
A13: 12 | B13: SKU PROD A | C13: 46046 | D13: 1000 | E13: =SUMIFS($D$2:$D$169,$B$2:$B$169,B13,$C$2:$C$169,">="&C13,$C$2:$C$169,"<="&C13+5) -> 1000 | F13: =IF(C13<=DATE(2026,12,26),E13,"") -> 1000
... A15: 14 | B15: SKU PROD E | C15: 46050 | D15: 2000 | E15: =SUMIFS($D$2:$D$169,$B$2:$B$169,B15,$C$2:$C$169,">="&C15,$C$2:$C$169,"<="&C15+5) -> 2000 | F15: =IF(C15<=DATE(2026,12,26),E15,"") -> 2000
A16: 15 | B16: =B2 -> SKU PROD A | C16: =EDATE(C2,1) -> 46056 | D16: =ROUNDUP(D2*(1+ IF(MONTH(C16)=2,IF(DAY(C16)<15,5%,7.5%), IF(MONTH(C16)=3,IF(DAY(C16)<20,-2%,1.5%), IF(MONTH(C16)=4,IF(DAY(C16)<17,2.5%,-5%), IF(MONTH(C16)=5,IF(DAY(C16)<22,-5%,5%), IF(MONTH(C16)=6,-5%, IF(MONTH(C16)=7,IF(DAY(C16)<10,15%,-5%), IF(MONTH(C16)=8,IF(DAY(C16)<25,-15%,3%), IF(MONTH(C16)=9,IF(DAY(C16)<25,-15%,3%), IF(MONTH(C16)=10,IF(DAY(C16)<11,-10%,-5%), IF(MONTH(C16)=11,IF(DAY(C16)<13,12%,6%), IF(MONTH(C16)=12,IF(DAY(C16)<10,6%,12%),0) ))))))))))),0) -> 1050 | E16: =SUMIFS($D$2:$D$169,$B$2:$B$169,B16,$C$2:$C$169,">="&C16,$C$2:$C$169,"<="&C16+5) -> 2520 | F16: =IF(C16<=DATE(2026,12,26),E16,"") -> 2520
A17: 16 | B17: =B3 -> SKU PROD B | C17: =EDATE(C3,1) -> 46056 | D17: =ROUNDUP(D3*(1+ IF(MONTH(C17)=2,IF(DAY(C17)<15,5%,7.5%), IF(MONTH(C17)=3,IF(DAY(C17)<20,-2%,1.5%), IF(MONTH(C17)=4,IF(DAY(C17)<17,2.5%,-5%), IF(MONTH(C17)=5,IF(DAY(C17)<22,-5%,5%), IF(MONTH(C17)=6,-5%, IF(MONTH(C17)=7,IF(DAY(C17)<10,15%,-5%), IF(MONTH(C17)=8,IF(DAY(C17)<25,-15%,3%), IF(MONTH(C17)=9,IF(DAY(C17)<25,-15%,3%), IF(MONTH(C17)=10,IF(DAY(C17)<11,-10%,-5%), IF(MONTH(C17)=11,IF(DAY(C17)<13,12%,6%), IF(MONTH(C17)=12,IF(DAY(C17)<10,6%,12%),0) ))))))))))),0) -> 6300 | E17: =SUMIFS($D$2:$D$169,$B$2:$B$169,B17,$C$2:$C$169,">="&C17,$C$2:$C$169,"<="&C17+5) -> 6300 | F17: =IF(C17<=DATE(2026,12,26),E17,"") -> 6300
A18: 17 | B18: =B4 -> SKU PROD A | C18: =EDATE(C4,1) -> 46057 | D18: =ROUNDUP(D4*(1+ IF(MONTH(C18)=2,IF(DAY(C18)<15,5%,7.5%), IF(MONTH(C18)=3,IF(DAY(C18)<20,-2%,1.5%), IF(MONTH(C18)=4,IF(DAY(C18)<17,2.5%,-5%), IF(MONTH(C18)=5,IF(DAY(C18)<22,-5%,5%), IF(MONTH(C18)=6,-5%, IF(MONTH(C18)=7,IF(DAY(C18)<10,15%,-5%), IF(MONTH(C18)=8,IF(DAY(C18)<25,-15%,3%), IF(MONTH(C18)=9,IF(DAY(C18)<25,-15%,3%), IF(MONTH(C18)=10,IF(DAY(C18)<11,-10%,-5%), IF(MONTH(C18)=11,IF(DAY(C18)<13,12%,6%), IF(MONTH(C18)=12,IF(DAY(C18)<10,6%,12%),0) ))))))))))),0) -> 420 | E18: =SUMIFS($D$2:$D$169,$B$2:$B$169,B18,$C$2:$C$169,">="&C18,$C$2:$C$169,"<="&C18+5) -> 1470 | F18: =IF(C18<=DATE(2026,12,26),E18,"") -> 1470
A19: 18 | B19: =B5 -> SKU PROD C | C19: =EDATE(C5,1) -> 46058 | D19: =ROUNDUP(D5*(1+ IF(MONTH(C19)=2,IF(DAY(C19)<15,5%,7.5%), IF(MONTH(C19)=3,IF(DAY(C19)<20,-2%,1.5%), IF(MONTH(C19)=4,IF(DAY(C19)<17,2.5%,-5%), IF(MONTH(C19)=5,IF(DAY(C19)<22,-5%,5%), IF(MONTH(C19)=6,-5%, IF(MONTH(C19)=7,IF(DAY(C19)<10,15%,-5%), IF(MONTH(C19)=8,IF(DAY(C19)<25,-15%,3%), IF(MONTH(C19)=9,IF(DAY(C19)<25,-15%,3%), IF(MONTH(C19)=10,IF(DAY(C19)<11,-10%,-5%), IF(MONTH(C19)=11,IF(DAY(C19)<13,12%,6%), IF(MONTH(C19)=12,IF(DAY(C19)<10,6%,12%),0) ))))))))))),0) -> 945 | E19: =SUMIFS($D$2:$D$169,$B$2:$B$169,B19,$C$2:$C$169,">="&C19,$C$2:$C$169,"<="&C19+5) -> 1470 | F19: =IF(C19<=DATE(2026,12,26),E19,"") -> 1470
A20: 19 | B20: =B6 -> SKU PROD D | C20: =EDATE(C6,1) -> 46059 | D20: =ROUNDUP(D6*(1+ IF(MONTH(C20)=2,IF(DAY(C20)<15,5%,7.5%), IF(MONTH(C20)=3,IF(DAY(C20)<20,-2%,1.5%), IF(MONTH(C20)=4,IF(DAY(C20)<17,2.5%,-5%), IF(MONTH(C20)=5,IF(DAY(C20)<22,-5%,5%), IF(MONTH(C20)=6,-5%, IF(MONTH(C20)=7,IF(DAY(C20)<10,15%,-5%), IF(MONTH(C20)=8,IF(DAY(C20)<25,-15%,3%), IF(MONTH(C20)=9,IF(DAY(C20)<25,-15%,3%), IF(MONTH(C20)=10,IF(DAY(C20)<11,-10%,-5%), IF(MONTH(C20)=11,IF(DAY(C20)<13,12%,6%), IF(MONTH(C20)=12,IF(DAY(C20)<10,6%,12%),0) ))))))))))),0) -> 630 | E20: =SUMIFS($D$2:$D$169,$B$2:$B$169,B20,$C$2:$C$169,">="&C20,$C$2:$C$169,"<="&C20+5) -> 630 | F20: =IF(C20<=DATE(2026,12,26),E20,"") -> 630
A21: 20 | B21: =B7 -> SKU PROD A | C21: =EDATE(C7,1) -> 46060 | D21: =ROUNDUP(D7*(1+ IF(MONTH(C21)=2,IF(DAY(C21)<15,5%,7.5%), IF(MONTH(C21)=3,IF(DAY(C21)<20,-2%,1.5%), IF(MONTH(C21)=4,IF(DAY(C21)<17,2.5%,-5%), IF(MONTH(C21)=5,IF(DAY(C21)<22,-5%,5%), IF(MONTH(C21)=6,-5%, IF(MONTH(C21)=7,IF(DAY(C21)<10,15%,-5%), IF(MONTH(C21)=8,IF(DAY(C21)<25,-15%,3%), IF(MONTH(C21)=9,IF(DAY(C21)<25,-15%,3%), IF(MONTH(C21)=10,IF(DAY(C21)<11,-10%,-5%), IF(MONTH(C21)=11,IF(DAY(C21)<13,12%,6%), IF(MONTH(C21)=12,IF(DAY(C21)<10,6%,12%),0) ))))))))))),0) -> 1050 | E21: =SUMIFS($D$2:$D$169,$B$2:$B$169,B21,$C$2:$C$169,">="&C21,$C$2:$C$169,"<="&C21+5) -> 1050 | F21: =IF(C21<=DATE(2026,12,26),E21,"") -> 1050
A22: 21 | B22: =B8 -> SKU PROD C | C22: =EDATE(C8,1) -> 46062 | D22: =ROUNDUP(D8*(1+ IF(MONTH(C22)=2,IF(DAY(C22)<15,5%,7.5%), IF(MONTH(C22)=3,IF(DAY(C22)<20,-2%,1.5%), IF(MONTH(C22)=4,IF(DAY(C22)<17,2.5%,-5%), IF(MONTH(C22)=5,IF(DAY(C22)<22,-5%,5%), IF(MONTH(C22)=6,-5%, IF(MONTH(C22)=7,IF(DAY(C22)<10,15%,-5%), IF(MONTH(C22)=8,IF(DAY(C22)<25,-15%,3%), IF(MONTH(C22)=9,IF(DAY(C22)<25,-15%,3%), IF(MONTH(C22)=10,IF(DAY(C22)<11,-10%,-5%), IF(MONTH(C22)=11,IF(DAY(C22)<13,12%,6%), IF(MONTH(C22)=12,IF(DAY(C22)<10,6%,12%),0) ))))))))))),0) -> 525 | E22: =SUMIFS($D$2:$D$169,$B$2:$B$169,B22,$C$2:$C$169,">="&C22,$C$2:$C$169,"<="&C22+5) -> 525 | F22: =IF(C22<=DATE(2026,12,26),E22,"") -> 525
A23: 22 | B23: =B9 -> SKU PROD E | C23: =EDATE(C9,1) -> 46065 | D23: =ROUNDUP(D9*(1+ IF(MONTH(C23)=2,IF(DAY(C23)<15,5%,7.5%), IF(MONTH(C23)=3,IF(DAY(C23)<20,-2%,1.5%), IF(MONTH(C23)=4,IF(DAY(C23)<17,2.5%,-5%), IF(MONTH(C23)=5,IF(DAY(C23)<22,-5%,5%), IF(MONTH(C23)=6,-5%, IF(MONTH(C23)=7,IF(DAY(C23)<10,15%,-5%), IF(MONTH(C23)=8,IF(DAY(C23)<25,-15%,3%), IF(MONTH(C23)=9,IF(DAY(C23)<25,-15%,3%), IF(MONTH(C23)=10,IF(DAY(C23)<11,-10%,-5%), IF(MONTH(C23)=11,IF(DAY(C23)<13,12%,6%), IF(MONTH(C23)=12,IF(DAY(C23)<10,6%,12%),0) ))))))))))),0) -> 420 | E23: =SUMIFS($D$2:$D$169,$B$2:$B$169,B23,$C$2:$C$169,">="&C23,$C$2:$C$169,"<="&C23+5) -> 420 | F23: =IF(C23<=DATE(2026,12,26),E23,"") -> 420
A24: 23 | B24: =B10 -> SKU PROD B | C24: =EDATE(C10,1) -> 46066 | D24: =ROUNDUP(D10*(1+ IF(MONTH(C24)=2,IF(DAY(C24)<15,5%,7.5%), IF(MONTH(C24)=3,IF(DAY(C24)<20,-2%,1.5%), IF(MONTH(C24)=4,IF(DAY(C24)<17,2.5%,-5%), IF(MONTH(C24)=5,IF(DAY(C24)<22,-5%,5%), IF(MONTH(C24)=6,-5%, IF(MONTH(C24)=7,IF(DAY(C24)<10,15%,-5%), IF(MONTH(C24)=8,IF(DAY(C24)<25,-15%,3%), IF(MONTH(C24)=9,IF(DAY(C24)<25,-15%,3%), IF(MONTH(C24)=10,IF(DAY(C24)<11,-10%,-5%), IF(MONTH(C24)=11,IF(DAY(C24)<13,12%,6%), IF(MONTH(C24)=12,IF(DAY(C24)<10,6%,12%),0) ))))))))))),0) -> 630 | E24: =SUMIFS($D$2:$D$169,$B$2:$B$169,B24,$C$2:$C$169,">="&C24,$C$2:$C$169,"<="&C24+5) -> 630 | F24: =IF(C24<=DATE(2026,12,26),E24,"") -> 630
A25: 24 | B25: =B11 -> SKU PROD D | C25: =EDATE(C11,1) -> 46070 | D25: =ROUNDUP(D11*(1+ IF(MONTH(C25)=2,IF(DAY(C25)<15,5%,7.5%), IF(MONTH(C25)=3,IF(DAY(C25)<20,-2%,1.5%), IF(MONTH(C25)=4,IF(DAY(C25)<17,2.5%,-5%), IF(MONTH(C25)=5,IF(DAY(C25)<22,-5%,5%), IF(MONTH(C25)=6,-5%, IF(MONTH(C25)=7,IF(DAY(C25)<10,15%,-5%), IF(MONTH(C25)=8,IF(DAY(C25)<25,-15%,3%), IF(MONTH(C25)=9,IF(DAY(C25)<25,-15%,3%), IF(MONTH(C25)=10,IF(DAY(C25)<11,-10%,-5%), IF(MONTH(C25)=11,IF(DAY(C25)<13,12%,6%), IF(MONTH(C25)=12,IF(DAY(C25)<10,6%,12%),0) ))))))))))),0) -> 968 | E25: =SUMIFS($D$2:$D$169,$B$2:$B$169,B25,$C$2:$C$169,">="&C25,$C$2:$C$169,"<="&C25+5) -> 968 | F25: =IF(C25<=DATE(2026,12,26),E25,"") -> 968
A26: 25 | B26: =B12 -> SKU PROD C | C26: =EDATE(C12,1) -> 46073 | D26: =ROUNDUP(D12*(1+ IF(MONTH(C26)=2,IF(DAY(C26)<15,5%,7.5%), IF(MONTH(C26)=3,IF(DAY(C26)<20,-2%,1.5%), IF(MONTH(C26)=4,IF(DAY(C26)<17,2.5%,-5%), IF(MONTH(C26)=5,IF(DAY(C26)<22,-5%,5%), IF(MONTH(C26)=6,-5%, IF(MONTH(C26)=7,IF(DAY(C26)<10,15%,-5%), IF(MONTH(C26)=8,IF(DAY(C26)<25,-15%,3%), IF(MONTH(C26)=9,IF(DAY(C26)<25,-15%,3%), IF(MONTH(C26)=10,IF(DAY(C26)<11,-10%,-5%), IF(MONTH(C26)=11,IF(DAY(C26)<13,12%,6%), IF(MONTH(C26)=12,IF(DAY(C26)<10,6%,12%),0) ))))))))))),0) -> 860 | E26: =SUMIFS($D$2:$D$169,$B$2:$B$169,B26,$C$2:$C$169,">="&C26,$C$2:$C$169,"<="&C26+5) -> 860 | F26: =IF(C26<=DATE(2026,12,26),E26,"") -> 860
A27: 26 | B27: =B13 -> SKU PROD A | C27: =EDATE(C13,1) -> 46077 | D27: =ROUNDUP(D13*(1+ IF(MONTH(C27)=2,IF(DAY(C27)<15,5%,7.5%), IF(MONTH(C27)=3,IF(DAY(C27)<20,-2%,1.5%), IF(MONTH(C27)=4,IF(DAY(C27)<17,2.5%,-5%), IF(MONTH(C27)=5,IF(DAY(C27)<22,-5%,5%), IF(MONTH(C27)=6,-5%, IF(MONTH(C27)=7,IF(DAY(C27)<10,15%,-5%), IF(MONTH(C27)=8,IF(DAY(C27)<25,-15%,3%), IF(MONTH(C27)=9,IF(DAY(C27)<25,-15%,3%), IF(MONTH(C27)=10,IF(DAY(C27)<11,-10%,-5%), IF(MONTH(C27)=11,IF(DAY(C27)<13,12%,6%), IF(MONTH(C27)=12,IF(DAY(C27)<10,6%,12%),0) ))))))))))),0) -> 1075 | E27: =SUMIFS($D$2:$D$169,$B$2:$B$169,B27,$C$2:$C$169,">="&C27,$C$2:$C$169,"<="&C27+5) -> 1075 | F27: =IF(C27<=DATE(2026,12,26),E27,"") -> 1075
... A169: 168 | B169: =B155 -> SKU PROD E | C169: =EDATE(C155,1) -> 46384 | D169: =ROUNDUP(D155*(1+ IF(MONTH(C169)=2,IF(DAY(C169)<15,5%,7.5%), IF(MONTH(C169)=3,IF(DAY(C169)<20,-2%,1.5%), IF(MONTH(C169)=4,IF(DAY(C169)<17,2.5%,-5%), IF(MONTH(C169)=5,IF(DAY(C169)<22,-5%,5%), IF(MONTH(C169)=6,-5%, IF(MONTH(C169)=7,IF(DAY(C169)<10,15%,-5%), IF(MONTH(C169)=8,IF(DAY(C169)<25,-15%,3%), IF(MONTH(C169)=9,IF(DAY(C169)<25,-15%,3%), IF(MONTH(C169)=10,IF(DAY(C169)<11,-10%,-5%), IF(MONTH(C169)=11,IF(DAY(C169)<13,12%,6%), IF(MONTH(C169)=12,IF(DAY(C169)<10,6%,12%),0) ))))))))))),0) -> 2357 | E169: =SUMIFS($D$2:$D$169,$B$2:$B$169,B169,$C$2:$C$169,">="&C169,$C$2:$C$169,"<="&C169+5) -> 2357 | F169: =IF(C169<=DATE(2026,12,26),E169,"")

Sheet Warehouse
A1: # | B1: Item / SKU | C1: Date | D1: Stock Qty | E1: Status
A2: 1 | B2: SKU PROD A | C2: 46023 | D2: 2200 | E2: Initial Stock
A3: 2 | B3: SKU PROD B | C3: 46023 | D3: 8000 | E3: Initial Stock
A4: 3 | B4: SKU PROD C | C4: 46023 | D4: 1700 | E4: Initial Stock
A5: 4 | B5: SKU PROD D | C5: 46023 | D5: 3500 | E5: Initial Stock
A6: 5 | B6: SKU PROD E | C6: 46023 | D6: 2300 | E6: Initial Stock
A7: 6
A8: 7
A9: 8
A10: 9
A11: 10
A12: 11
A13: 12
A14: 13
A15: 14
A16: 15
A17: 16
A18: 17
... A70: 69

Sheet Capacity
A1: Warehouse Capacity | D1: Min/Max Stock Level
A2: Product | B2: Full Unit Capacity | D2: Product | E2: Min | F2: Max
A3: SKU PROD A | B3: 10000 | D3: SKU PROD A | E3: =_xlfn.MINIFS('Demand Projection'!$F$2:$F$169, 'Demand Projection'!$B$2:$B$169,D3) -> 678 | F3: =_xlfn.MAXIFS('Demand Projection'!$F$2:$F$169, 'Demand Projection'!$B$2:$B$169,D3) -> 2632
A4: SKU PROD B | B4: 25000 | D4: SKU PROD B | E4: =_xlfn.MINIFS('Demand Projection'!$F$2:$F$169, 'Demand Projection'!$B$2:$B$169,D4) -> 376 | F4: =_xlfn.MAXIFS('Demand Projection'!$F$2:$F$169, 'Demand Projection'!$B$2:$B$169,D4) -> 6570
A5: SKU PROD C | B5: 15000 | D5: SKU PROD C | E5: =_xlfn.MINIFS('Demand Projection'!$F$2:$F$169, 'Demand Projection'!$B$2:$B$169,D5) -> 358 | F5: =_xlfn.MAXIFS('Demand Projection'!$F$2:$F$169, 'Demand Projection'!$B$2:$B$169,D5) -> 1537
A6: SKU PROD D | B6: 8000 | D6: SKU PROD D | E6: =_xlfn.MINIFS('Demand Projection'!$F$2:$F$169, 'Demand Projection'!$B$2:$B$169,D6) -> 430 | F6: =_xlfn.MAXIFS('Demand Projection'!$F$2:$F$169, 'Demand Projection'!$B$2:$B$169,D6) -> 3274
A7: SKU PROD E | B7: 19500 | D7: SKU PROD E | E7: =_xlfn.MINIFS('Demand Projection'!$F$2:$F$169, 'Demand Projection'!$B$2:$B$169,D7) -> 250 | F7: =_xlfn.MAXIFS('Demand Projection'!$F$2:$F$169, 'Demand Projection'!$B$2:$B$169,D7) -> 2183
